{"stats":{"minecraft:mined":{"minecraft:large_fern":12,"minecraft:grass":1,"minecraft:fern":5},"minecraft:picked_up":{"minecraft:wheat_seeds":2},"minecraft:custom":{"minecraft:jump":77,"minecraft:time_since_rest":516,"minecraft:deaths":1,"minecraft:damage_dealt":20,"minecraft:walk_on_water_one_cm":697,"minecraft:play_time":6008,"minecraft:leave_game":3,"minecraft:sprint_one_cm":11885,"minecraft:damage_taken":220,"minecraft:time_since_death":0,"minecraft:walk_one_cm":2898,"minecraft:total_world_time":6008,"minecraft:walk_under_water_one_cm":54,"minecraft:swim_one_cm":5085,"minecraft:fall_one_cm":2404,"minecraft:fly_one_cm":16629},"minecraft:killed_by":{"minecraft:spider":1}},"DataVersion":3465}