{"stats":{"minecraft:mined":{"minecraft:large_fern":12,"minecraft:grass":1,"minecraft:fern":5},"minecraft:killed_by":{"minecraft:spider":1},"minecraft:picked_up":{"minecraft:wheat_seeds":2},"minecraft:custom":{"minecraft:jump":84,"minecraft:time_since_rest":2291,"minecraft:damage_taken":290,"minecraft:damage_dealt":20,"minecraft:walk_one_cm":3464,"minecraft:leave_game":4,"minecraft:sprint_one_cm":12028,"minecraft:play_time":7783,"minecraft:time_since_death":1703,"minecraft:walk_on_water_one_cm":697,"minecraft:deaths":1,"minecraft:total_world_time":7783,"minecraft:walk_under_water_one_cm":54,"minecraft:swim_one_cm":5085,"minecraft:fly_one_cm":17607,"minecraft:fall_one_cm":3293}},"DataVersion":3465}